"1";"Smith";"2.502";"US"
"2";"Johnson";"2.014";"US"
"3";"Williams";"1.738";"US"
"4";"Jones";"1.544";"US"
"5";"Brown";"1.544";"US"
"6";"Davis";"1.194";"US"
"7";"Miller";"1.054";"US"
"8";"Wilson";"0.843";"US"
"9";"Moore";"0.776";"US"
"10";"Taylor";"0.773";"US"
"11";"Anderson";"0.773";"US"
"12";"Thomas";"0.773";"US"
"13";"Jackson";"0.771";"US"
"14";"White";"0.694";"US"
"15";"Harris";"0.684";"US"
"16";"Martin";"0.679";"US"
"17";"Thompson";"0.669";"US"
"18";"Garcia";"0.632";"US"
"19";"Martinez";"0.582";"US"
"20";"Robinson";"0.579";"US"
"21";"Clark";"0.574";"US"
"22";"Rodriguez";"0.570";"US"
"23";"Lewis";"0.562";"US"
"24";"Lee";"0.547";"US"
"25";"Walker";"0.545";"US"
"26";"Hall";"0.497";"US"
"27";"Allen";"0.495";"US"
"28";"Young";"0.480";"US"
"29";"Hernandez";"0.478";"US"
"30";"King";"0.473";"US"
"31";"Wright";"0.470";"US"
"32";"Lopez";"0.465";"US"
"33";"Hill";"0.465";"US"
"34";"Scott";"0.460";"US"
"35";"Green";"0.455";"US"
"36";"Adams";"0.433";"US"
"37";"Baker";"0.425";"US"
"38";"Gonzalez";"0.413";"US"
"39";"Nelson";"0.403";"US"
"40";"Carter";"0.403";"US"
"41";"Mitchell";"0.398";"US"
"42";"Perez";"0.385";"US"
"43";"Roberts";"0.381";"US"
"44";"Turner";"0.378";"US"
"45";"Phillips";"0.371";"US"
"46";"Campbell";"0.371";"US"
"47";"Parker";"0.363";"US"
"48";"Evans";"0.351";"US"
"49";"Edwards";"0.341";"US"
"50";"Collins";"0.333";"US"
"51";"Stewart";"0.331";"US"
"52";"Sanchez";"0.323";"US"
"53";"Morris";"0.311";"US"
"54";"Rogers";"0.306";"US"
"55";"Reed";"0.303";"US"
"56";"Cook";"0.298";"US"
"57";"Morgan";"0.293";"US"
"58";"Bell";"0.291";"US"
"59";"Murphy";"0.291";"US"
"60";"Bailey";"0.286";"US"
"61";"Rivera";"0.281";"US"
"62";"Cooper";"0.281";"US"
"63";"Richardson";"0.279";"US"
"64";"Cox";"0.274";"US"
"65";"Howard";"0.274";"US"
"66";"Ward";"0.269";"US"
"67";"Torres";"0.269";"US"
"68";"Peterson";"0.266";"US"
"69";"Gray";"0.264";"US"
"70";"Ramirez";"0.261";"US"
"71";"James";"0.261";"US"
"72";"Watson";"0.256";"US"
"73";"Brooks";"0.256";"US"
"74";"Kelly";"0.254";"US"
"75";"Sanders";"0.249";"US"
"76";"Price";"0.246";"US"
"77";"Bennett";"0.246";"US"
"78";"Wood";"0.244";"US"
"79";"Barnes";"0.241";"US"
"80";"Ross";"0.239";"US"
"81";"Henderson";"0.236";"US"
"82";"Coleman";"0.236";"US"
"83";"Jenkins";"0.236";"US"
"84";"Perry";"0.234";"US"
"85";"Powell";"0.231";"US"
"86";"Long";"0.229";"US"
"87";"Patterson";"0.229";"US"
"88";"Hughes";"0.229";"US"
"89";"Flores";"0.229";"US"
"90";"Washington";"0.229";"US"
"91";"Butler";"0.226";"US"
"92";"Simmons";"0.226";"US"
"93";"Foster";"0.226";"US"
"94";"Gonzales";"0.216";"US"
"95";"Bryant";"0.216";"US"
"96";"Alexander";"0.211";"US"
"97";"Russell";"0.211";"US"
"98";"Griffin";"0.209";"US"
"99";"Diaz";"0.209";"US"
"100";"Hayes";"0.206";"US"
"101";"Myers";"0.206";"US"
"102";"Ford";"0.204";"US"
"103";"Hamilton";"0.204";"US"
"104";"Graham";"0.204";"US"
"105";"Sullivan";"0.201";"US"
"106";"Wallace";"0.201";"US"
"107";"Woods";"0.199";"US"
"108";"Cole";"0.199";"US"
"109";"West";"0.199";"US"
"110";"Jordan";"0.194";"US"
"111";"Owens";"0.194";"US"
"112";"Reynolds";"0.194";"US"
"113";"Fisher";"0.191";"US"
"114";"Ellis";"0.191";"US"
"115";"Harrison";"0.189";"US"
"116";"Gibson";"0.187";"US"
"117";"Mcdonald";"0.187";"US"
"118";"Cruz";"0.187";"US"
"119";"Marshall";"0.187";"US"
"120";"Ortiz";"0.187";"US"
"121";"Gomez";"0.187";"US"
"122";"Murray";"0.184";"US"
"123";"Freeman";"0.184";"US"
"124";"Wells";"0.182";"US"
"125";"Webb";"0.179";"US"
"126";"Simpson";"0.174";"US"
"127";"Stevens";"0.174";"US"
"128";"Tucker";"0.174";"US"
"129";"Porter";"0.172";"US"
"130";"Hunter";"0.172";"US"
"131";"Hicks";"0.172";"US"
"132";"Crawford";"0.169";"US"
"133";"Henry";"0.169";"US"
"134";"Boyd";"0.169";"US"
"135";"Mason";"0.169";"US"
"136";"Morales";"0.167";"US"
"137";"Kennedy";"0.167";"US"
"138";"Warren";"0.167";"US"
"139";"Dixon";"0.164";"US"
"140";"Ramos";"0.164";"US"
"141";"Reyes";"0.164";"US"
"142";"Burns";"0.162";"US"
"143";"Gordon";"0.162";"US"
"144";"Shaw";"0.162";"US"
"145";"Holmes";"0.162";"US"
"146";"Rice";"0.159";"US"
"147";"Robertson";"0.159";"US"
"148";"Hunt";"0.157";"US"
"149";"Black";"0.157";"US"
"150";"Daniels";"0.154";"US"
"151";"Palmer";"0.154";"US"
"152";"Mills";"0.152";"US"
"153";"Nichols";"0.149";"US"
"154";"Grant";"0.149";"US"
"155";"Knight";"0.149";"US"
"156";"Ferguson";"0.147";"US"
"157";"Rose";"0.147";"US"
"158";"Stone";"0.147";"US"
"159";"Hawkins";"0.147";"US"
"160";"Dunn";"0.144";"US"
"161";"Perkins";"0.144";"US"
"162";"Hudson";"0.144";"US"
"163";"Spencer";"0.142";"US"
"164";"Gardner";"0.142";"US"
"165";"Stephens";"0.142";"US"
"166";"Payne";"0.142";"US"
"167";"Pierce";"0.139";"US"
"168";"Berry";"0.139";"US"
"169";"Matthews";"0.139";"US"
"170";"Arnold";"0.139";"US"
"171";"Wagner";"0.137";"US"
"172";"Willis";"0.137";"US"
"173";"Ray";"0.137";"US"
"174";"Watkins";"0.137";"US"
"175";"Olson";"0.137";"US"
"176";"Carroll";"0.137";"US"
"177";"Duncan";"0.137";"US"
"178";"Snyder";"0.137";"US"
"179";"Hart";"0.134";"US"
"180";"Cunningham";"0.134";"US"
"181";"Bradley";"0.134";"US"
"182";"Lane";"0.134";"US"
"183";"Andrews";"0.134";"US"
"184";"Ruiz";"0.134";"US"
"185";"Harper";"0.134";"US"
"186";"Fox";"0.132";"US"
"187";"Riley";"0.132";"US"
"188";"Armstrong";"0.132";"US"
"189";"Carpenter";"0.132";"US"
"190";"Weaver";"0.132";"US"
"191";"Greene";"0.132";"US"
"192";"Lawrence";"0.129";"US"
"193";"Elliott";"0.129";"US"
"194";"Chavez";"0.129";"US"
"195";"Sims";"0.129";"US"
"196";"Austin";"0.129";"US"
"197";"Peters";"0.129";"US"
"198";"Kelley";"0.129";"US"
"199";"Franklin";"0.127";"US"
"200";"Lawson";"0.127";"US"
"201";"Fields";"0.127";"US"
"202";"Gutierrez";"0.127";"US"
"203";"Ryan";"0.127";"US"
"204";"Schmidt";"0.127";"US"
"205";"Carr";"0.127";"US"
"206";"Vasquez";"0.127";"US"
"207";"Castillo";"0.127";"US"
"208";"Wheeler";"0.127";"US"
"209";"Chapman";"0.124";"US"
"210";"Oliver";"0.124";"US"
"211";"Montgomery";"0.122";"US"
"212";"Richards";"0.122";"US"
"213";"Williamson";"0.122";"US"
"214";"Johnston";"0.122";"US"
"215";"Banks";"0.119";"US"
"216";"Meyer";"0.119";"US"
"217";"Bishop";"0.119";"US"
"218";"Mccoy";"0.119";"US"
"219";"Howell";"0.119";"US"
"220";"Alvarez";"0.119";"US"
"221";"Morrison";"0.119";"US"
"222";"Hansen";"0.117";"US"
"223";"Fernandez";"0.117";"US"
"224";"Garza";"0.117";"US"
"225";"Harvey";"0.117";"US"
"226";"Little";"0.114";"US"
"227";"Burton";"0.114";"US"
"228";"Stanley";"0.114";"US"
"229";"Nguyen";"0.114";"US"
"230";"George";"0.114";"US"
"231";"Jacobs";"0.114";"US"
"232";"Reid";"0.114";"US"
"233";"Kim";"0.112";"US"
"234";"Fuller";"0.112";"US"
"235";"Lynch";"0.112";"US"
"236";"Dean";"0.112";"US"
"237";"Gilbert";"0.112";"US"
"238";"Garrett";"0.112";"US"
"239";"Romero";"0.112";"US"
"240";"Welch";"0.109";"US"
"241";"Larson";"0.109";"US"
"242";"Frazier";"0.109";"US"
"243";"Burke";"0.109";"US"
"244";"Hanson";"0.107";"US"
"245";"Day";"0.107";"US"
"246";"Mendoza";"0.107";"US"
"247";"Moreno";"0.107";"US"
"248";"Bowman";"0.107";"US"
"249";"Medina";"0.104";"US"
"250";"Fowler";"0.104";"US"
"251";"Brewer";"0.104";"US"
"252";"Hoffman";"0.104";"US"
"253";"Carlson";"0.104";"US"
"254";"Silva";"0.104";"US"
"255";"Pearson";"0.104";"US"
"256";"Holland";"0.104";"US"
"257";"Douglas";"0.102";"US"
"258";"Fleming";"0.102";"US"
"259";"Jensen";"0.102";"US"
"260";"Vargas";"0.102";"US"
"261";"Byrd";"0.102";"US"
"262";"Davidson";"0.102";"US"
"263";"Hopkins";"0.102";"US"
"264";"May";"0.099";"US"
"265";"Terry";"0.099";"US"
"266";"Herrera";"0.099";"US"
"267";"Wade";"0.099";"US"
"268";"Soto";"0.099";"US"
"269";"Walters";"0.099";"US"
"270";"Curtis";"0.099";"US"
"271";"Neal";"0.097";"US"
"272";"Caldwell";"0.097";"US"
"273";"Lowe";"0.097";"US"
"274";"Jennings";"0.097";"US"
"275";"Barnett";"0.097";"US"
"276";"Graves";"0.097";"US"
"277";"Jimenez";"0.097";"US"
"278";"Horton";"0.097";"US"
"279";"Shelton";"0.097";"US"
"280";"Barrett";"0.097";"US"
"281";"Obrien";"0.097";"US"
"282";"Castro";"0.097";"US"
"283";"Sutton";"0.095";"US"
"284";"Gregory";"0.095";"US"
"285";"Mckinney";"0.095";"US"
"286";"Lucas";"0.095";"US"
"287";"Miles";"0.095";"US"
"288";"Craig";"0.095";"US"
"289";"Rodriquez";"0.092";"US"
"290";"Chambers";"0.092";"US"
"291";"Holt";"0.092";"US"
"292";"Lambert";"0.092";"US"
"293";"Fletcher";"0.092";"US"
"294";"Watts";"0.092";"US"
"295";"Bates";"0.092";"US"
"296";"Hale";"0.092";"US"
"297";"Rhodes";"0.092";"US"
"298";"Pena";"0.092";"US"
"299";"Beck";"0.092";"US"
"300";"Newman";"0.090";"US"
"301";"Haynes";"0.090";"US"
"302";"Mcdaniel";"0.090";"US"
"303";"Mendez";"0.090";"US"
"304";"Bush";"0.090";"US"
"305";"Vaughn";"0.090";"US"
"306";"Parks";"0.087";"US"
"307";"Dawson";"0.087";"US"
"308";"Santiago";"0.087";"US"
"309";"Norris";"0.087";"US"
"310";"Hardy";"0.087";"US"
"311";"Love";"0.087";"US"
"312";"Steele";"0.087";"US"
"313";"Curry";"0.087";"US"
"314";"Powers";"0.087";"US"
"315";"Schultz";"0.087";"US"
"316";"Barker";"0.087";"US"
"317";"Guzman";"0.085";"US"
"318";"Page";"0.085";"US"
"319";"Munoz";"0.085";"US"
"320";"Ball";"0.085";"US"
"321";"Keller";"0.085";"US"
"322";"Chandler";"0.085";"US"
"323";"Weber";"0.085";"US"
"324";"Leonard";"0.085";"US"
"325";"Walsh";"0.082";"US"
"326";"Lyons";"0.082";"US"
"327";"Ramsey";"0.082";"US"
"328";"Wolfe";"0.082";"US"
"329";"Schneider";"0.082";"US"
"330";"Mullins";"0.082";"US"
"331";"Benson";"0.082";"US"
"332";"Sharp";"0.082";"US"
"333";"Bowen";"0.082";"US"
"334";"Daniel";"0.082";"US"
"335";"Barber";"0.080";"US"
"336";"Cummings";"0.080";"US"
"337";"Hines";"0.080";"US"
"338";"Baldwin";"0.080";"US"
"339";"Griffith";"0.080";"US"
"340";"Valdez";"0.080";"US"
"341";"Hubbard";"0.080";"US"
"342";"Salazar";"0.080";"US"
"343";"Reeves";"0.080";"US"
"344";"Warner";"0.077";"US"
"345";"Stevenson";"0.077";"US"
"346";"Burgess";"0.077";"US"
"347";"Santos";"0.077";"US"
"348";"Tate";"0.077";"US"
"349";"Cross";"0.077";"US"
"350";"Garner";"0.077";"US"
"351";"Mann";"0.077";"US"
"352";"Mack";"0.077";"US"
"353";"Moss";"0.077";"US"
"354";"Thornton";"0.077";"US"
"355";"Dennis";"0.077";"US"
"356";"Mcgee";"0.077";"US"
"357";"Farmer";"0.075";"US"
"358";"Delgado";"0.075";"US"
"359";"Aguilar";"0.075";"US"
"360";"Vega";"0.075";"US"
"361";"Glover";"0.075";"US"
"362";"Manning";"0.075";"US"
"363";"Cohen";"0.075";"US"
"364";"Harmon";"0.075";"US"
"365";"Rodgers";"0.075";"US"
"366";"Robbins";"0.075";"US"
"367";"Newton";"0.075";"US"
"368";"Todd";"0.075";"US"
"369";"Blair";"0.075";"US"
"370";"Higgins";"0.075";"US"
"371";"Ingram";"0.075";"US"
"372";"Reese";"0.075";"US"
"373";"Cannon";"0.075";"US"
"374";"Strickland";"0.075";"US"
"375";"Townsend";"0.075";"US"
"376";"Potter";"0.075";"US"
"377";"Goodwin";"0.075";"US"
"378";"Walton";"0.075";"US"
"379";"Rowe";"0.072";"US"
"380";"Hampton";"0.072";"US"
"381";"Ortega";"0.072";"US"
"382";"Patton";"0.072";"US"
"383";"Swanson";"0.072";"US"
"384";"Joseph";"0.072";"US"
"385";"Francis";"0.072";"US"
"386";"Goodman";"0.072";"US"
"387";"Maldonado";"0.072";"US"
"388";"Yates";"0.072";"US"
"389";"Becker";"0.072";"US"
"390";"Erickson";"0.072";"US"
"391";"Hodges";"0.072";"US"
"392";"Rios";"0.072";"US"
"393";"Conner";"0.072";"US"
"394";"Adkins";"0.072";"US"
"395";"Webster";"0.070";"US"
"396";"Norman";"0.070";"US"
"397";"Malone";"0.070";"US"
"398";"Hammond";"0.070";"US"
"399";"Flowers";"0.070";"US"
"400";"Cobb";"0.070";"US"
"401";"Moody";"0.070";"US"
"402";"Quinn";"0.070";"US"
"403";"Blake";"0.070";"US"
"404";"Maxwell";"0.070";"US"
"405";"Pope";"0.070";"US"
"406";"Floyd";"0.067";"US"
"407";"Osborne";"0.067";"US"
"408";"Paul";"0.067";"US"
"409";"Mccarthy";"0.067";"US"
"410";"Guerrero";"0.067";"US"
"411";"Lindsey";"0.067";"US"
"412";"Estrada";"0.067";"US"
"413";"Sandoval";"0.067";"US"
"414";"Gibbs";"0.067";"US"
"415";"Tyler";"0.067";"US"
"416";"Gross";"0.067";"US"
"417";"Fitzgerald";"0.067";"US"
"418";"Stokes";"0.067";"US"
"419";"Doyle";"0.067";"US"
"420";"Sherman";"0.067";"US"
"421";"Saunders";"0.067";"US"
"422";"Wise";"0.067";"US"
"423";"Colon";"0.067";"US"
"424";"Gill";"0.067";"US"
"425";"Alvarado";"0.067";"US"
"426";"Greer";"0.065";"US"
"427";"Padilla";"0.065";"US"
"428";"Simon";"0.065";"US"
"429";"Waters";"0.065";"US"
"430";"Nunez";"0.065";"US"
"431";"Ballard";"0.065";"US"
"432";"Schwartz";"0.065";"US"
"433";"Mcbride";"0.065";"US"
"434";"Houston";"0.065";"US"
"435";"Christensen";"0.065";"US"
"436";"Klein";"0.065";"US"
"437";"Pratt";"0.065";"US"
"438";"Briggs";"0.065";"US"
"439";"Parsons";"0.065";"US"
"440";"Mclaughlin";"0.065";"US"
"441";"Zimmerman";"0.065";"US"
"442";"French";"0.065";"US"
"443";"Buchanan";"0.065";"US"
"444";"Moran";"0.065";"US"
"445";"Copeland";"0.062";"US"
"446";"Roy";"0.062";"US"
"447";"Pittman";"0.062";"US"
"448";"Brady";"0.062";"US"
"449";"Mccormick";"0.062";"US"
"450";"Holloway";"0.062";"US"
"451";"Brock";"0.062";"US"
"452";"Poole";"0.062";"US"
"453";"Frank";"0.062";"US"
"454";"Logan";"0.062";"US"
"455";"Owen";"0.062";"US"
"456";"Bass";"0.062";"US"
"457";"Marsh";"0.062";"US"
"458";"Drake";"0.062";"US"
"459";"Wong";"0.062";"US"
"460";"Jefferson";"0.062";"US"
"461";"Park";"0.062";"US"
"462";"Morton";"0.062";"US"
"463";"Abbott";"0.062";"US"
"464";"Sparks";"0.062";"US"
"465";"Patrick";"0.060";"US"
"466";"Norton";"0.060";"US"
"467";"Huff";"0.060";"US"
"468";"Clayton";"0.060";"US"
"469";"Massey";"0.060";"US"
"470";"Lloyd";"0.060";"US"
"471";"Figueroa";"0.060";"US"
"472";"Carson";"0.060";"US"
"473";"Bowers";"0.060";"US"
"474";"Roberson";"0.060";"US"
"475";"Barton";"0.060";"US"
"476";"Tran";"0.060";"US"
"477";"Lamb";"0.060";"US"
"478";"Harrington";"0.060";"US"
"479";"Casey";"0.060";"US"
"480";"Boone";"0.060";"US"
"481";"Cortez";"0.060";"US"
"482";"Clarke";"0.060";"US"
"483";"Mathis";"0.060";"US"
"484";"Singleton";"0.060";"US"
"485";"Wilkins";"0.060";"US"
"486";"Cain";"0.060";"US"
"487";"Bryan";"0.060";"US"
"488";"Underwood";"0.060";"US"
"489";"Hogan";"0.060";"US"
"490";"Mckenzie";"0.057";"US"
"491";"Collier";"0.057";"US"
"492";"Luna";"0.057";"US"
"493";"Phelps";"0.057";"US"
"494";"Mcguire";"0.057";"US"
"495";"Allison";"0.057";"US"
"496";"Bridges";"0.057";"US"
"497";"Wilkerson";"0.057";"US"
"498";"Nash";"0.057";"US"
"499";"Summers";"0.057";"US"
"500";"Atkins";"0.057";"US"
"501";"Wilcox";"0.057";"US"
"502";"Pitts";"0.057";"US"
"503";"Conley";"0.057";"US"
"504";"Marquez";"0.057";"US"
"505";"Burnett";"0.057";"US"
"506";"Richard";"0.057";"US"
"507";"Cochran";"0.057";"US"
"508";"Chase";"0.057";"US"
"509";"Davenport";"0.057";"US"
"510";"Hood";"0.057";"US"
"511";"Gates";"0.057";"US"
"512";"Clay";"0.057";"US"
"513";"Ayala";"0.057";"US"
"514";"Sawyer";"0.057";"US"
"515";"Roman";"0.057";"US"
"516";"Vazquez";"0.057";"US"
"517";"Dickerson";"0.057";"US"
"518";"Hodge";"0.055";"US"
"519";"Acosta";"0.055";"US"
"520";"Flynn";"0.055";"US"
"521";"Espinoza";"0.055";"US"
"522";"Nicholson";"0.055";"US"
"523";"Monroe";"0.055";"US"
"524";"Wolf";"0.055";"US"
"525";"Morrow";"0.055";"US"
"526";"Kirk";"0.055";"US"
"527";"Randall";"0.055";"US"
"528";"Anthony";"0.055";"US"
"529";"Whitaker";"0.055";"US"
"530";"Oconnor";"0.055";"US"
"531";"Skinner";"0.055";"US"
"532";"Ware";"0.055";"US"
"533";"Molina";"0.055";"US"
"534";"Kirby";"0.055";"US"
"535";"Huffman";"0.055";"US"
"536";"Bradford";"0.055";"US"
"537";"Charles";"0.055";"US"
"538";"Gilmore";"0.055";"US"
"539";"Dominguez";"0.055";"US"
"540";"Oneal";"0.055";"US"
"541";"Bruce";"0.055";"US"
"542";"Lang";"0.052";"US"
"543";"Combs";"0.052";"US"
"544";"Kramer";"0.052";"US"
"545";"Heath";"0.052";"US"
"546";"Hancock";"0.052";"US"
"547";"Gallagher";"0.052";"US"
"548";"Gaines";"0.052";"US"
"549";"Shaffer";"0.052";"US"
"550";"Short";"0.052";"US"
"551";"Wiggins";"0.052";"US"
"552";"Mathews";"0.052";"US"
"553";"Mcclain";"0.052";"US"
"554";"Fischer";"0.052";"US"
"555";"Wall";"0.052";"US"
"556";"Small";"0.052";"US"
"557";"Melton";"0.052";"US"
"558";"Hensley";"0.052";"US"
"559";"Bond";"0.052";"US"
"560";"Dyer";"0.052";"US"
"561";"Cameron";"0.052";"US"
"562";"Grimes";"0.052";"US"
"563";"Contreras";"0.052";"US"
"564";"Christian";"0.052";"US"
"565";"Wyatt";"0.052";"US"
"566";"Baxter";"0.052";"US"
"567";"Snow";"0.052";"US"
"568";"Mosley";"0.052";"US"
"569";"Shepherd";"0.052";"US"
"570";"Larsen";"0.052";"US"
"571";"Hoover";"0.052";"US"
"572";"Beasley";"0.050";"US"
"573";"Glenn";"0.050";"US"
"574";"Petersen";"0.050";"US"
"575";"Whitehead";"0.050";"US"
"576";"Meyers";"0.050";"US"
"577";"Keith";"0.050";"US"
"578";"Garrison";"0.050";"US"
"579";"Vincent";"0.050";"US"
"580";"Shields";"0.050";"US"
"581";"Horn";"0.050";"US"
"582";"Savage";"0.050";"US"
"583";"Olsen";"0.050";"US"
"584";"Schroeder";"0.050";"US"
"585";"Hartman";"0.050";"US"
"586";"Woodard";"0.050";"US"
"587";"Mueller";"0.050";"US"
"588";"Kemp";"0.050";"US"
"589";"Deleon";"0.050";"US"
"590";"Booth";"0.050";"US"
"591";"Patel";"0.050";"US"
"592";"Calhoun";"0.050";"US"
"593";"Wiley";"0.050";"US"
"594";"Eaton";"0.050";"US"
"595";"Cline";"0.050";"US"
"596";"Navarro";"0.050";"US"
"597";"Harrell";"0.050";"US"
"598";"Lester";"0.050";"US"
"599";"Humphrey";"0.050";"US"
"600";"Parrish";"0.050";"US"
"601";"Duran";"0.050";"US"
"602";"Hutchinson";"0.050";"US"
"603";"Hess";"0.050";"US"
"604";"Dorsey";"0.050";"US"
"605";"Bullock";"0.050";"US"
"606";"Robles";"0.050";"US"
"607";"Beard";"0.047";"US"
"608";"Dalton";"0.047";"US"
"609";"Avila";"0.047";"US"
"610";"Vance";"0.047";"US"
"611";"Rich";"0.047";"US"
"612";"Blackwell";"0.047";"US"
"613";"York";"0.047";"US"
"614";"Johns";"0.047";"US"
"615";"Blankenship";"0.047";"US"
"616";"Trevino";"0.047";"US"
"617";"Salinas";"0.047";"US"
"618";"Campos";"0.047";"US"
"619";"Pruitt";"0.047";"US"
"620";"Moses";"0.047";"US"
"621";"Callahan";"0.047";"US"
"622";"Golden";"0.047";"US"
"623";"Montoya";"0.047";"US"
"624";"Hardin";"0.047";"US"
"625";"Guerra";"0.047";"US"
"626";"Mcdowell";"0.047";"US"
"627";"Carey";"0.047";"US"
"628";"Stafford";"0.047";"US"
"629";"Gallegos";"0.047";"US"
"630";"Henson";"0.047";"US"
"631";"Wilkinson";"0.047";"US"
"632";"Booker";"0.047";"US"
"633";"Merritt";"0.047";"US"
"634";"Miranda";"0.047";"US"
"635";"Atkinson";"0.047";"US"
"636";"Orr";"0.047";"US"
"637";"Decker";"0.047";"US"
"638";"Hobbs";"0.047";"US"
"639";"Preston";"0.047";"US"
"640";"Tanner";"0.047";"US"
"641";"Knox";"0.047";"US"
"642";"Pacheco";"0.047";"US"
"643";"Stephenson";"0.045";"US"
"644";"Glass";"0.045";"US"
"645";"Rojas";"0.045";"US"
"646";"Serrano";"0.045";"US"
"647";"Marks";"0.045";"US"
"648";"Hickman";"0.045";"US"
"649";"English";"0.045";"US"
"650";"Sweeney";"0.045";"US"
"651";"Strong";"0.045";"US"
"652";"Prince";"0.045";"US"
"653";"Mcclure";"0.045";"US"
"654";"Conway";"0.045";"US"
"655";"Walter";"0.045";"US"
"656";"Roth";"0.045";"US"
"657";"Maynard";"0.045";"US"
"658";"Farrell";"0.045";"US"
"659";"Lowery";"0.045";"US"
"660";"Hurst";"0.045";"US"
"661";"Nixon";"0.045";"US"
"662";"Weiss";"0.045";"US"
"663";"Trujillo";"0.045";"US"
"664";"Ellison";"0.045";"US"
"665";"Sloan";"0.045";"US"
"666";"Juarez";"0.045";"US"
"667";"Winters";"0.045";"US"
"668";"Mclean";"0.045";"US"
"669";"Randolph";"0.045";"US"
"670";"Leon";"0.045";"US"
"671";"Boyer";"0.045";"US"
"672";"Villarreal";"0.045";"US"
"673";"Mccall";"0.045";"US"
"674";"Gentry";"0.045";"US"
"675";"Carrillo";"0.042";"US"
"676";"Kent";"0.042";"US"
"677";"Ayers";"0.042";"US"
"678";"Lara";"0.042";"US"
"679";"Shannon";"0.042";"US"
"680";"Sexton";"0.042";"US"
"681";"Pace";"0.042";"US"
"682";"Hull";"0.042";"US"
"683";"Leblanc";"0.042";"US"
"684";"Browning";"0.042";"US"
"685";"Velasquez";"0.042";"US"
"686";"Leach";"0.042";"US"
"687";"Chang";"0.042";"US"
"688";"House";"0.042";"US"
"689";"Sellers";"0.042";"US"
"690";"Herring";"0.042";"US"
"691";"Noble";"0.042";"US"
"692";"Foley";"0.042";"US"
"693";"Bartlett";"0.042";"US"
"694";"Mercado";"0.042";"US"
"695";"Landry";"0.042";"US"
"696";"Durham";"0.042";"US"
"697";"Walls";"0.042";"US"
"698";"Barr";"0.042";"US"
"699";"Mckee";"0.042";"US"
"700";"Bauer";"0.042";"US"
"701";"Rivers";"0.042";"US"
"702";"Everett";"0.042";"US"
"703";"Bradshaw";"0.042";"US"
"704";"Pugh";"0.042";"US"
"705";"Velez";"0.042";"US"
"706";"Rush";"0.042";"US"
"707";"Estes";"0.042";"US"
"708";"Dodson";"0.042";"US"
"709";"Morse";"0.042";"US"
"710";"Sheppard";"0.042";"US"
"711";"Weeks";"0.042";"US"
"712";"Camacho";"0.042";"US"
"713";"Bean";"0.042";"US"
"714";"Barron";"0.042";"US"
"715";"Livingston";"0.042";"US"
"716";"Middleton";"0.040";"US"
"717";"Spears";"0.040";"US"
"718";"Branch";"0.040";"US"
"719";"Blevins";"0.040";"US"
"720";"Chen";"0.040";"US"
"721";"Kerr";"0.040";"US"
"722";"Mcconnell";"0.040";"US"
"723";"Hatfield";"0.040";"US"
"724";"Harding";"0.040";"US"
"725";"Ashley";"0.040";"US"
"726";"Solis";"0.040";"US"
"727";"Herman";"0.040";"US"
"728";"Frost";"0.040";"US"
"729";"Giles";"0.040";"US"
"730";"Blackburn";"0.040";"US"
"731";"William";"0.040";"US"
"732";"Pennington";"0.040";"US"
"733";"Woodward";"0.040";"US"
"734";"Finley";"0.040";"US"
"735";"Mcintosh";"0.040";"US"
"736";"Koch";"0.040";"US"
"737";"Best";"0.040";"US"
"738";"Solomon";"0.040";"US"
"739";"Mccullough";"0.040";"US"
"740";"Dudley";"0.040";"US"
"741";"Nolan";"0.040";"US"
"742";"Blanchard";"0.040";"US"
"743";"Rivas";"0.040";"US"
"744";"Brennan";"0.040";"US"
"745";"Mejia";"0.040";"US"
"746";"Kane";"0.040";"US"
"747";"Benton";"0.040";"US"
"748";"Joyce";"0.040";"US"
"749";"Buckley";"0.040";"US"
"750";"Haley";"0.040";"US"
"751";"Valentine";"0.040";"US"
"752";"Maddox";"0.040";"US"
"753";"Russo";"0.040";"US"
"754";"Mcknight";"0.040";"US"
"755";"Buck";"0.040";"US"
"756";"Moon";"0.040";"US"
"757";"Mcmillan";"0.040";"US"
"758";"Crosby";"0.040";"US"
"759";"Berg";"0.040";"US"
"760";"Dotson";"0.040";"US"
"761";"Mays";"0.040";"US"
"762";"Roach";"0.040";"US"
"763";"Church";"0.040";"US"
"764";"Chan";"0.040";"US"
"765";"Richmond";"0.040";"US"
"766";"Meadows";"0.040";"US"
"767";"Faulkner";"0.040";"US"
"768";"Oneill";"0.040";"US"
"769";"Knapp";"0.040";"US"
"770";"Kline";"0.037";"US"
"771";"Barry";"0.037";"US"
"772";"Ochoa";"0.037";"US"
"773";"Jacobson";"0.037";"US"
"774";"Gay";"0.037";"US"
"775";"Avery";"0.037";"US"
"776";"Hendricks";"0.037";"US"
"777";"Horne";"0.037";"US"
"778";"Shepard";"0.037";"US"
"779";"Hebert";"0.037";"US"
"780";"Cherry";"0.037";"US"
"781";"Cardenas";"0.037";"US"
"782";"Mcintyre";"0.037";"US"
"783";"Whitney";"0.037";"US"
"784";"Waller";"0.037";"US"
"785";"Holman";"0.037";"US"
"786";"Donaldson";"0.037";"US"
"787";"Cantu";"0.037";"US"
"788";"Terrell";"0.037";"US"
"789";"Morin";"0.037";"US"
"790";"Gillespie";"0.037";"US"
"791";"Fuentes";"0.037";"US"
"792";"Tillman";"0.037";"US"
"793";"Sanford";"0.037";"US"
"794";"Bentley";"0.037";"US"
"795";"Peck";"0.037";"US"
"796";"Key";"0.037";"US"
"797";"Salas";"0.037";"US"
"798";"Rollins";"0.037";"US"
"799";"Gamble";"0.037";"US"
"800";"Dickson";"0.037";"US"
"801";"Battle";"0.037";"US"
"802";"Santana";"0.037";"US"
"803";"Cabrera";"0.037";"US"
"804";"Cervantes";"0.037";"US"
"805";"Howe";"0.037";"US"
"806";"Hinton";"0.037";"US"
"807";"Hurley";"0.037";"US"
"808";"Spence";"0.037";"US"
"809";"Zamora";"0.037";"US"
"810";"Yang";"0.037";"US"
"811";"Mcneil";"0.037";"US"
"812";"Suarez";"0.037";"US"
"813";"Case";"0.037";"US"
"814";"Petty";"0.037";"US"
"815";"Gould";"0.037";"US"
"816";"Mcfarland";"0.037";"US"
"817";"Sampson";"0.037";"US"
"818";"Carver";"0.037";"US"
"819";"Bray";"0.037";"US"
"820";"Rosario";"0.037";"US"
"821";"Macdonald";"0.037";"US"
"822";"Stout";"0.037";"US"
"823";"Hester";"0.037";"US"
"824";"Melendez";"0.037";"US"
"825";"Dillon";"0.037";"US"
"826";"Farley";"0.037";"US"
"827";"Hopper";"0.037";"US"
"828";"Galloway";"0.037";"US"
"829";"Potts";"0.037";"US"
"830";"Bernard";"0.037";"US"
"831";"Joyner";"0.035";"US"
"832";"Stein";"0.035";"US"
"833";"Aguirre";"0.035";"US"
"834";"Osborn";"0.035";"US"
"835";"Mercer";"0.035";"US"
"836";"Bender";"0.035";"US"
"837";"Franco";"0.035";"US"
"838";"Rowland";"0.035";"US"
"839";"Sykes";"0.035";"US"
"840";"Benjamin";"0.035";"US"
"841";"Travis";"0.035";"US"
"842";"Pickett";"0.035";"US"
"843";"Crane";"0.035";"US"
"844";"Sears";"0.035";"US"
"845";"Mayo";"0.035";"US"
"846";"Dunlap";"0.035";"US"
"847";"Hayden";"0.035";"US"
"848";"Wilder";"0.035";"US"
"849";"Mckay";"0.035";"US"
"850";"Coffey";"0.035";"US"
"851";"Mccarty";"0.035";"US"
"852";"Ewing";"0.035";"US"
"853";"Cooley";"0.035";"US"
"854";"Vaughan";"0.035";"US"
"855";"Bonner";"0.035";"US"
"856";"Cotton";"0.035";"US"
"857";"Holder";"0.035";"US"
"858";"Stark";"0.035";"US"
"859";"Ferrell";"0.035";"US"
"860";"Cantrell";"0.035";"US"
"861";"Fulton";"0.035";"US"
"862";"Lynn";"0.035";"US"
"863";"Lott";"0.035";"US"
"864";"Calderon";"0.035";"US"
"865";"Rosa";"0.035";"US"
"866";"Pollard";"0.035";"US"
"867";"Hooper";"0.035";"US"
"868";"Burch";"0.035";"US"
"869";"Mullen";"0.035";"US"
"870";"Fry";"0.035";"US"
"871";"Riddle";"0.035";"US"
"872";"Levy";"0.035";"US"
"873";"David";"0.035";"US"
"874";"Duke";"0.035";"US"
"875";"Odonnell";"0.035";"US"
"876";"Guy";"0.035";"US"
"877";"Michael";"0.035";"US"
"878";"Britt";"0.035";"US"
"879";"Frederick";"0.035";"US"
"880";"Daugherty";"0.035";"US"
"881";"Berger";"0.035";"US"
"882";"Dillard";"0.035";"US"
"883";"Alston";"0.035";"US"
"884";"Jarvis";"0.035";"US"
"885";"Frye";"0.035";"US"
"886";"Riggs";"0.035";"US"
"887";"Chaney";"0.035";"US"
"888";"Odom";"0.032";"US"
"889";"Duffy";"0.032";"US"
"890";"Fitzpatrick";"0.032";"US"
"891";"Valenzuela";"0.032";"US"
"892";"Merrill";"0.032";"US"
"893";"Mayer";"0.032";"US"
"894";"Alford";"0.032";"US"
"895";"Mcpherson";"0.032";"US"
"896";"Acevedo";"0.032";"US"
"897";"Donovan";"0.032";"US"
"898";"Barrera";"0.032";"US"
"899";"Albert";"0.032";"US"
"900";"Cote";"0.032";"US"
"901";"Reilly";"0.032";"US"
"902";"Compton";"0.032";"US"
"903";"Raymond";"0.032";"US"
"904";"Mooney";"0.032";"US"
"905";"Mcgowan";"0.032";"US"
"906";"Craft";"0.032";"US"
"907";"Cleveland";"0.032";"US"
"908";"Clemons";"0.032";"US"
"909";"Wynn";"0.032";"US"
"910";"Nielsen";"0.032";"US"
"911";"Baird";"0.032";"US"
"912";"Stanton";"0.032";"US"
"913";"Snider";"0.032";"US"
"914";"Rosales";"0.032";"US"
"915";"Bright";"0.032";"US"
"916";"Witt";"0.032";"US"
"917";"Stuart";"0.032";"US"
"918";"Hays";"0.032";"US"
"919";"Holden";"0.032";"US"
"920";"Rutledge";"0.032";"US"
"921";"Kinney";"0.032";"US"
"922";"Clements";"0.032";"US"
"923";"Castaneda";"0.032";"US"
"924";"Slater";"0.032";"US"
"925";"Hahn";"0.032";"US"
"926";"Emerson";"0.032";"US"
"927";"Conrad";"0.032";"US"
"928";"Burks";"0.032";"US"
"929";"Delaney";"0.032";"US"
"930";"Pate";"0.032";"US"
"931";"Lancaster";"0.032";"US"
"932";"Sweet";"0.032";"US"
"933";"Justice";"0.032";"US"
"934";"Tyson";"0.032";"US"
"935";"Sharpe";"0.032";"US"
"936";"Whitfield";"0.032";"US"
"937";"Talley";"0.032";"US"
"938";"Macias";"0.032";"US"
"939";"Irwin";"0.032";"US"
"940";"Burris";"0.032";"US"
"941";"Ratliff";"0.032";"US"
"942";"Mccray";"0.032";"US"
"943";"Madden";"0.032";"US"
"944";"Kaufman";"0.032";"US"
"945";"Beach";"0.032";"US"
"946";"Goff";"0.032";"US"
"947";"Cash";"0.032";"US"
"948";"Bolton";"0.032";"US"
"949";"Mcfadden";"0.032";"US"
"950";"Levine";"0.032";"US"
"951";"Good";"0.032";"US"
"952";"Byers";"0.032";"US"
"953";"Kirkland";"0.032";"US"
"954";"Kidd";"0.032";"US"
"955";"Workman";"0.032";"US"
"956";"Carney";"0.032";"US"
"957";"Dale";"0.032";"US"
"958";"Mcleod";"0.032";"US"
"959";"Holcomb";"0.032";"US"
"960";"England";"0.032";"US"
"961";"Finch";"0.032";"US"
"962";"Head";"0.030";"US"
"963";"Burt";"0.030";"US"
"964";"Hendrix";"0.030";"US"
"965";"Sosa";"0.030";"US"
"966";"Haney";"0.030";"US"
"967";"Franks";"0.030";"US"
"968";"Sargent";"0.030";"US"
"969";"Nieves";"0.030";"US"
"970";"Downs";"0.030";"US"
"971";"Rasmussen";"0.030";"US"
"972";"Bird";"0.030";"US"
"973";"Hewitt";"0.030";"US"
"974";"Lindsay";"0.030";"US"
"975";"Le";"0.030";"US"
"976";"Foreman";"0.030";"US"
"977";"Valencia";"0.030";"US"
"978";"Oneil";"0.030";"US"
"979";"Delacruz";"0.030";"US"
"980";"Vinson";"0.030";"US"
"981";"Dejesus";"0.030";"US"
"982";"Hyde";"0.030";"US"
"983";"Forbes";"0.030";"US"
"984";"Gilliam";"0.030";"US"
"985";"Guthrie";"0.030";"US"
"986";"Wooten";"0.030";"US"
"987";"Huber";"0.030";"US"
"988";"Barlow";"0.030";"US"
"989";"Boyle";"0.030";"US"
"990";"Mcmahon";"0.030";"US"
"991";"Buckner";"0.030";"US"
"992";"Rocha";"0.030";"US"
"993";"Puckett";"0.030";"US"
"994";"Langley";"0.030";"US"
"995";"Knowles";"0.030";"US"
"996";"Cooke";"0.030";"US"
"997";"Velazquez";"0.030";"US"
"998";"Whitley";"0.030";"US"
"999";"Noel";"0.030";"US"
"1000";"Vang";"0.030";"US"
